,time_stamp,risk_level,fps
0,170.39487923388882,no_risk,5.868720964480229
1,342.4889982774399,no_risk,5.810773811201151
2,517.8665934549967,no_risk,5.701982622053713
3,683.2848879615802,no_risk,6.045280559703757
4,851.7157271506218,no_risk,5.937155005667526
5,1016.6871382252459,no_risk,6.0616563408532285
6,1196.70200088243,no_risk,5.555096869442252
7,1364.9330076136673,no_risk,5.944207429000178
8,1535.991883025258,no_risk,5.845940455260598
9,1708.5357824470102,no_risk,5.795626523750234
10,1886.89902147078,no_risk,5.606536444803703
11,2067.339608207989,no_risk,5.541990402948457
12,2236.6537347256944,no_risk,5.906181726044153
13,2411.4050778472333,no_risk,5.722416675816357
14,2588.3666074321313,no_risk,5.650945730101445
15,2760.1288243330114,no_risk,5.822002172789121
16,2923.99139394748,no_risk,6.102674957147156
17,3099.2112569371607,no_risk,5.707115522963818
18,3260.838224844076,no_risk,6.187086307131132
19,3418.1318348142195,no_risk,6.357537348083087
20,3582.028090815333,no_risk,6.101420644979255
21,3751.858418409856,no_risk,5.8882298242251725
22,3919.9751087288505,no_risk,5.948249386200384
23,4101.579324468631,no_risk,5.506480099740048
24,4276.554550889286,no_risk,5.715094762020308
25,4447.398911516199,no_risk,5.853280707250139
26,4624.09215052692,no_risk,5.659526112028133
27,4789.160892424446,no_risk,6.058082157194832
28,4957.690925160061,no_risk,5.933660510045523
29,5132.970262948735,no_risk,5.70517901662576
30,5311.22628489173,no_risk,5.609908653295269
31,5471.27797643066,no_risk,6.247981451397326
32,5632.779183849841,no_risk,6.191904171988461
33,5791.116879067101,no_risk,6.3156154864315015
34,5944.741127669235,no_risk,6.509389039160517
35,6104.870300134541,no_risk,6.24495827090257
36,6264.809041187934,no_risk,6.252393844129157
37,6427.944079986695,no_risk,6.129890962502366
38,6587.653411789654,no_risk,6.261374890940949
39,6745.453668021912,no_risk,6.337125324613867
40,6911.958441897867,no_risk,6.005833807173565
41,7069.778455452979,no_risk,6.336331986505562
42,7235.061134613221,no_risk,6.0502407456167715
43,7385.2265518864115,no_risk,6.659322886445525
44,7543.863256563418,no_risk,6.303711376481615
45,7701.278872331797,no_risk,6.35260990543274
46,7857.997348880117,no_risk,6.380868561414823
47,8021.551892387827,no_risk,6.114168267987363
48,8194.423281854313,no_risk,5.784647205568195
49,8373.965792732237,no_risk,5.5697115692000665
50,8564.479667676185,no_risk,5.2489615273124475
51,8751.976089890168,no_risk,5.3334351034108725
52,8959.844846743974,no_risk,4.810727764650551
53,9161.993114647086,no_risk,4.946864053662285
54,9365.714965294957,no_risk,4.908653621689695
55,9568.201657547734,no_risk,4.938596155996465
56,9768.479871910655,no_risk,4.993054302890456
57,9959.679212258083,no_risk,5.230143567351758
58,10151.08718730222,no_risk,5.224442710756458
59,10337.394320461699,no_risk,5.367481013966347
60,10514.863981047996,no_risk,5.634765946451646
61,10702.515444110379,no_risk,5.329028528104588
62,10899.06394182303,no_risk,5.087802815272475
63,11090.09808276453,no_risk,5.234666406075659
64,11288.835732877791,no_risk,5.031759203301948
65,11484.246328176936,no_risk,5.117429781477033
66,11675.502544184019,no_risk,5.22858823037138
67,11861.894546259111,no_risk,5.365037066328246
68,12041.60991121422,no_risk,5.564354501629777
69,12232.943494712701,no_risk,5.226474002709197
70,12410.295996149176,no_risk,5.638488275611861
71,12580.60056754312,no_risk,5.871832986131789
72,12749.165718233764,no_risk,5.932424323193795
73,12913.860834284043,no_risk,6.071825467457772
74,13080.17824252248,no_risk,6.012599706738944
75,13243.884088397006,no_risk,6.108517351093588
76,13406.186370118894,no_risk,6.161342831356761
77,13563.308843056062,no_risk,6.3644619468272525
78,13727.431952731857,no_risk,6.092987160524674
79,13891.021878654377,no_risk,6.112845851361404
80,14054.79908793592,no_risk,6.105855658347059
81,14213.600248097093,no_risk,6.297183213177206
82,14380.637185854563,no_risk,5.986699788833268
83,14537.489029324406,no_risk,6.375443079776496
84,14699.60959284024,no_risk,6.168248976647171
85,14866.876180512772,no_risk,5.9784803044930515
86,15023.845001636717,no_risk,6.3706919172845655
87,15187.367298374505,no_risk,6.115373988438537
88,15355.770174253354,no_risk,5.938140870702332
89,15519.841047110864,no_risk,6.094927043317835
90,15673.34329883911,no_risk,6.514562416780393
91,15834.36972755764,no_risk,6.210160704414425
92,16003.62832566975,no_risk,5.9081193579166955
93,16172.413045539106,no_risk,5.924706933032956
94,16341.514558163826,no_risk,5.913607657781614
95,16528.549502151258,no_risk,5.3465944848637355
96,16702.266633287305,no_risk,5.756484656754129
97,16874.699211030184,no_risk,5.7993681535698105
98,17043.532345375745,no_risk,5.923007968052283
99,17220.72077513188,no_risk,5.643709362830917
100,17408.044003494797,no_risk,5.338366249286541
101,17593.267637292727,no_risk,5.3988790711824075
102,17771.162071514507,no_risk,5.621311337674033
103,17945.127796973724,no_risk,5.74825872947274
104,18110.214319019153,no_risk,6.057429689655815
105,18277.91919685481,no_risk,5.962855779185774
106,18433.490594251907,no_risk,6.427916806888994
107,18586.912414128532,no_risk,6.517977695768156
108,18746.79324394745,no_risk,6.254658554953756
109,18902.07736779979,no_risk,6.439808366700153
110,19067.578946018857,no_risk,6.042238453317595
111,19237.058545785145,no_risk,5.900415161346849
112,19414.638223846305,no_risk,5.63127499113717
113,19587.46838311442,no_risk,5.7860271855022205
114,19761.10952693458,no_risk,5.759003759130458
115,19932.54105425317,no_risk,5.833232752698825
116,20093.597045779956,no_risk,6.2090207915903415
117,20261.335332947,no_risk,5.9616681253227055
118,20438.962317824466,no_risk,5.629775232011324
119,20625.025699018606,no_risk,5.37451267187598
120,20810.633450210215,no_risk,5.387706028331063
121,20986.601799654673,no_risk,5.682840142315686
122,21170.528169573136,no_risk,5.436958280877903
123,21349.58975122616,no_risk,5.584670875619397
124,21546.356523998445,no_risk,5.082158872205981
125,21740.276682529307,no_risk,5.156761460881604
126,21947.774723042785,no_risk,4.819322618784189
127,22141.04964950746,no_risk,5.1739768747643415
128,22334.80200149056,no_risk,5.16122766905673
129,22534.88415290238,no_risk,4.997947057964894
130,22727.072702641843,no_risk,5.203223612206036
131,22925.57807872388,no_risk,5.037646938019072
132,23116.251781269155,no_risk,5.244561712764523
133,23309.55123736909,no_risk,5.173320298857951
134,23507.477769293106,no_risk,5.052379740498387
135,23714.893447009355,no_risk,4.821236326060303
136,23906.532518401385,no_risk,5.21814258823208
137,24104.30828594149,no_risk,5.056231167436742
138,24301.305550349745,no_risk,5.0762126215499555
139,24489.271613610323,no_risk,5.3201092934191
140,24684.934583816383,no_risk,5.110829090179213
141,24878.67926421415,no_risk,5.161432034918026
142,25068.844058127506,no_risk,5.258596922286434
143,25267.668216263573,no_risk,5.02956989419586
144,25465.245125495258,no_risk,5.0613201911533725
145,25660.58323772958,no_risk,5.11932867867803
146,25861.721410015864,no_risk,4.971706706058199
147,26077.960818069816,no_risk,4.62450396530172
148,26279.205429962363,no_risk,4.969077137498424
149,26468.10192317845,no_risk,5.293904523976872
150,26660.25408615501,no_risk,5.204208917086045
151,26849.530358371387,no_risk,5.283282411948755
152,27052.70567447445,no_risk,4.921857729473054
153,27244.766619680577,no_risk,5.206680613420763
154,27440.817173868647,no_risk,5.1007251886710065
155,27629.29041607667,no_risk,5.305792951215173
156,27801.825412100596,no_risk,5.795925597965816
157,27980.403949848554,no_risk,5.599777065099361
158,28152.569124593047,no_risk,5.80837559909596
159,28315.1189609039,no_risk,6.151959440227592
160,28489.041535343837,no_risk,5.749684899848016
161,28663.170586212676,no_risk,5.742867114995277
162,28836.935567359156,no_risk,5.754899482059756
163,29013.24339874633,no_risk,5.671897794511406
164,29189.067086181214,no_risk,5.68751579829281
165,29360.41904438129,no_risk,5.835941476854097
166,29533.635364888607,no_risk,5.773128057859684
167,29710.118121960648,no_risk,5.666275938741125
168,29888.14774592943,no_risk,5.617042701698659
169,30054.448085388834,no_risk,6.013216829566996
170,30240.575285729916,no_risk,5.372669863230536
171,30426.339447774884,no_risk,5.3831696544241225
172,30604.720590236593,no_risk,5.6059737380292844
173,30781.90663402077,no_risk,5.64378536053364
174,30977.75294343343,no_risk,5.106044647963927
175,31167.66777118061,no_risk,5.26551829502861
176,31363.36450495302,no_risk,5.1099473186046005
177,31557.810370013143,no_risk,5.142819569296573
178,31762.427676873926,no_risk,4.887172132904579
179,31959.261756124495,no_risk,5.080421052123808
180,32167.8564029239,no_risk,4.793986880026009
181,32384.228121551176,no_risk,4.621676096785111
182,32600.989920193602,no_risk,4.6133590248049865
183,32824.02810342475,no_risk,4.483537237942923
184,33057.69351747787,no_risk,4.279623512329805
185,33277.24285568764,no_risk,4.554784852252854
186,33494.63951506904,no_risk,4.599886690280823
187,33721.529105191126,no_risk,4.407430060858673
188,33953.1362949161,no_risk,4.317655255812565
189,34173.232723007895,no_risk,4.5434631023767444
190,34399.28131496262,no_risk,4.4238275998652306
191,34621.59729896813,no_risk,4.4981021246552455
192,34849.93018612683,no_risk,4.379570601693317
193,35071.72897592224,no_risk,4.508590876092792
194,35309.86606847508,no_risk,4.199261817132142
195,35540.68862324274,no_risk,4.332332258459583
196,35774.552136282175,no_risk,4.275998367609348
197,36005.15215015197,no_risk,4.336513182365398
198,36225.70686679575,no_risk,4.534022283527479
199,36451.277210574764,no_risk,4.4332068801547555
200,36678.93496544761,no_risk,4.3925584725129765
201,36899.18583842234,no_risk,4.540277123508803
202,37121.1409877139,no_risk,4.505414734426305
203,37336.892433200606,no_risk,4.63496315282681
204,37556.23540275674,no_risk,4.559070217858407
205,37773.41447249767,no_risk,4.604495272923325
206,37987.640276547405,no_risk,4.667971743347263
207,38191.15541477404,no_risk,4.913639391711501
208,38396.73564493755,no_risk,4.86428096322604
209,38598.99373562602,no_risk,4.944177988608952
210,38809.91626391033,no_risk,4.741077248287392
211,39025.533763484644,no_risk,4.637842484836661
212,39231.2372906575,no_risk,4.861365353058334
213,39433.17508326772,no_risk,4.952020060604392
214,39637.12508482027,no_risk,4.90316250251338
215,39830.694366096315,no_risk,5.1661089683642265
216,40015.991637830004,no_risk,5.396733533331297
217,40215.323448573385,no_risk,5.016760728107758
218,40416.824493985805,no_risk,4.962753408813634
219,40620.94302939195,no_risk,4.899114125085443
220,40817.896713498325,no_risk,5.077335844400355
221,41016.880832374714,no_risk,5.025526688495217
222,41205.165420247846,no_risk,5.311109163506325
223,41391.07964689741,no_risk,5.378824515054165
224,41571.84590107765,no_risk,5.53200598493843
225,41760.903784553244,no_risk,5.289385354454638
226,41943.0518452952,no_risk,5.490039234711703
227,42120.75169540068,no_risk,5.62746676154444
228,42297.53619090796,no_risk,5.656604653765137
229,42465.48958901025,no_risk,5.954032554857621
230,42630.41848161929,no_risk,6.063219028399656
231,42796.75849874256,no_risk,6.011782476004667
232,42973.480544247446,no_risk,5.658603583627825
233,43134.82239895778,no_risk,6.198019737626951
234,43304.836502131344,no_risk,5.881864982572249
235,43465.68851306058,no_risk,6.216894611531639
236,43623.90213879653,no_risk,6.320568126470536
237,43774.95395862994,no_risk,6.6202446359326546
238,43923.50506024619,no_risk,6.731690233999694
239,44067.198830605004,no_risk,6.959243935926662
240,44222.86993235746,no_risk,6.423799849442594
241,44372.1339416476,no_risk,6.699538654735123
242,44533.46744109474,no_risk,6.198340725433888
243,44690.90839204533,no_risk,6.351587652146858
244,44854.96252743245,no_risk,6.095548872573509
245,45024.12383286803,no_risk,5.911517397108524
246,45191.05616457306,no_risk,5.990451279186369
247,45365.05069429036,no_risk,5.747307122958321
248,45548.39724837201,no_risk,5.454152138330594
249,45736.75480413512,no_risk,5.309051691335861
250,45923.360660885235,no_risk,5.3588886084057705
251,46095.82608516324,no_risk,5.798263647257629
252,46277.77386827637,no_risk,5.496082353354254
253,46447.07715789927,no_risk,5.906559773453506
254,46627.80592628802,no_risk,5.53315340393953
255,46805.53024002805,no_risk,5.626692144456812
256,46985.34468262354,no_risk,5.56128854593512
257,47158.896290670134,no_risk,5.761974845727217
258,47331.917083534674,no_risk,5.77965216459801
259,47516.31773443236,no_risk,5.422974350317395
260,47689.6081297718,no_risk,5.7706602725514005
261,47860.00373966633,no_risk,5.868695799257648
262,48033.85646751105,no_risk,5.7519948774873475
263,48192.595422547674,no_risk,6.299650893942555
264,48357.36957503787,no_risk,6.06891302359763
265,48515.57008544061,no_risk,6.321092121980111
266,48679.13559514273,no_risk,6.113758345638699
267,48846.55363269835,no_risk,5.973072045285416
268,49023.74509626457,no_risk,5.643612733218901
269,49207.19849414897,no_risk,5.450975623957138
270,49387.479671061796,no_risk,5.546890790953492
271,49561.20868489198,no_risk,5.75609092547708
272,49732.63134550211,no_risk,5.833534472284994
273,49897.85145962296,no_risk,6.052531831981141
274,50075.95802751946,no_risk,5.6146160796332865
275,50256.3808036847,no_risk,5.542537484758415
276,50426.26794168859,no_risk,5.886260794958458
277,50601.80563646494,no_risk,5.696782114371967
278,50772.10329530763,no_risk,5.872071329669515
279,50928.54034887827,no_risk,6.392347446945764
280,51095.33040510578,no_risk,5.995561261973258
281,51271.51432758288,no_risk,5.675886800226969
282,51441.90306314849,no_risk,5.86893257163077
283,51619.0900336822,no_risk,5.643755841571643
284,51804.398443824466,no_risk,5.396409149656413
285,51992.90305642493,no_risk,5.304909976497421
286,52190.134730879996,no_risk,5.070179537657582
287,52398.862417798344,no_risk,4.790931259594658
288,52593.7589160566,no_risk,5.130928513014705
289,52773.771280820896,no_risk,5.555173953241309
290,52947.801503730916,no_risk,5.746128363675301
291,53113.63762471089,no_risk,6.030049389063681
292,53274.65865447406,no_risk,6.210368928026607
293,53431.43190576909,no_risk,6.378639160312497
294,53591.62904884794,no_risk,6.242308575426756
295,53751.741293092215,no_risk,6.245618532923505
296,53915.91296576422,no_risk,6.091184817236303
297,54083.42466575093,no_risk,5.9697322639513555
298,54260.33951414691,no_risk,5.652436802600929
299,54441.97733020798,no_risk,5.505461482006507
300,54614.29929006072,no_risk,5.803090916877603
301,54779.04785117252,no_risk,6.069855744120119
302,54942.59322183646,no_risk,6.114511196130727
303,55109.70956091629,no_risk,5.983855351943158
304,55277.08747951475,no_risk,5.974503736057582
305,55446.1276005707,no_risk,5.915755347033925
306,55622.94394251056,no_risk,5.655585841381749
307,55793.181227904104,no_risk,5.8741538182323385
308,55973.318988841034,no_risk,5.551306926425716
309,56140.05588181857,no_risk,5.997472917614852
310,56302.733383999024,no_risk,6.147131512326194
311,56471.509300294165,no_risk,5.925015973554467
312,56646.48199423759,no_risk,5.715177479769109
313,56830.07458182301,no_risk,5.44684299705028
314,57011.81834999265,no_risk,5.502251934529069
315,57188.046562957716,no_risk,5.674460310156176
316,57375.64266701689,no_risk,5.330601107177461
317,57555.66048612064,no_risk,5.555005637656548
318,57731.457677857645,no_risk,5.688373005958105
319,57902.91071509454,no_risk,5.832500935042035
320,58076.611546547894,no_risk,5.757024831907912
321,58243.996305214096,no_risk,5.974259591903464
322,58409.39106427306,no_risk,6.046140794845125
323,58569.263383739584,no_risk,6.25499150407589
324,58733.63547608499,no_risk,6.083757806639179
325,58896.930422506455,no_risk,6.123888227496129
326,59060.22882389049,no_risk,6.123758662206856
327,59223.35168735567,no_risk,6.130348491665773
328,59376.15043815487,no_risk,6.544556122151453
329,59540.5174600055,no_risk,6.083945482134223
330,59712.985134445684,no_risk,5.79818799810422
331,59880.10343406154,no_risk,5.983785152784896
332,60052.05589631811,no_risk,5.815560806031861
333,199.30922374102425,low,5.017329259680257
334,395.91983543478386,low,5.086195457026493
335,600.0131176862235,low,4.899720309108538
336,785.5557530124481,low,5.389596834397554
337,964.0090516013518,low,5.603707008541566
338,1128.7710853915914,low,6.069359408813263
339,1301.4180138263168,low,5.792167917879184
340,1476.201220592033,low,5.721373457465083
341,1653.1437585711224,low,5.65155225770627
342,1821.514914896903,low,5.939259560973163
343,1985.1525082751295,low,6.111065185911365
344,2155.494161012748,low,5.870554758208934
345,2332.0174350750904,low,5.664975371161721
346,2516.135174702483,low,5.431307173462732
347,2700.4670864527566,low,5.424996629746692
348,2884.27522949185,low,5.440455376274128
349,3083.6422976101085,low,5.015873531363919
350,3281.572826330533,low,5.052277718170965
351,3465.5557544005105,low,5.435286906726765
352,3654.3525260394463,low,5.296700739737485
353,3832.6758576122197,low,5.607791146454113
354,4018.9151368058983,low,5.369436588938121
355,4204.2840510206115,low,5.394647771641463
356,4388.657672758835,low,5.423769357960617
357,4565.428182915445,low,5.657052180898557
358,4742.964652068346,low,5.63264553345804
359,4915.453215434783,low,5.7974858186718805
360,5094.797509647967,low,5.575867380599871
361,5266.7706041688525,low,5.814863091147972
362,5448.187191749992,low,5.512175117684565
363,5626.466847632668,low,5.609164966405874
364,5799.332633119309,low,5.784834732823847
365,5975.919410151556,low,5.662938170151833
366,6151.085776982471,low,5.708858487458861
367,6326.2224203061505,low,5.709827372629517
368,6496.824199786442,low,5.861603572051405
369,6676.155783817431,low,5.576262571947133
370,6852.630558618218,low,5.66653223458621
371,7028.702853747747,low,5.679485232269736
372,7198.851919603016,low,5.877199471965461
373,7370.290737133756,low,5.832984702082957
374,7555.038956278258,low,5.4127720669277
375,7735.830108204722,low,5.531244141896658
376,7923.85930302149,low,5.318323045389244
377,8096.436639071712,low,5.794503628848373
378,8274.443184171429,low,5.617770961398171
379,8446.032613345142,low,5.8278648330231535
380,8622.653100069785,low,5.661857344776941
381,8787.862511844212,low,6.052923917950719
382,8963.865447137798,low,5.681723423145923
383,9144.844911981687,low,5.525488766709462
384,9325.676257998426,low,5.530014690635727
385,9501.836373626706,low,5.676653857960269
386,9678.483528086614,low,5.66100259614972
387,9847.409144417285,low,5.919765289134751
388,10021.18595140404,low,5.754507850269179
389,10195.36050269357,low,5.741366879353747
390,10365.252182441236,low,5.8861034365264935
391,10542.586081763176,low,5.639079746307007
392,10721.018478311214,low,5.604363441538922
393,10907.07771568271,low,5.374632370460324
394,11087.86782792159,low,5.531275950969555
395,11264.455752036842,low,5.662901384736459
396,11436.916330292092,low,5.7984265744485235
397,11595.609111939588,low,6.301483845820387
398,11758.017869627809,low,6.157303425223638
399,11915.77612423321,low,6.338812523638043
400,12068.102250152431,low,6.564862028528887
401,12227.591878403464,low,6.270000193529985
402,12401.4578455962,low,5.751556881120195
403,12567.608467708907,low,6.0186353038248335
404,12732.141422770479,low,6.077809759301896
405,12904.269779106051,low,5.809618015816381
406,13080.851754540668,low,5.663092156142895
407,13252.926539384942,low,5.81142670557452
408,13426.443532714009,low,5.763124295863892
409,13602.928346583403,low,5.6662099025700865
410,13768.602471200886,low,6.035945578761048
411,13939.853551662502,low,5.839379216203775
412,14117.893605842932,low,5.616713635610195
413,14290.465834995939,low,5.794675104494201
414,14462.831130239183,low,5.801631927058101
415,14629.424384762702,low,6.002644001764327
416,14796.22784317571,low,5.995079535605241
417,14975.145731792245,low,5.5891560521555395
418,15143.677882952667,low,5.933585924789655
419,15311.358983689708,low,5.963701309238217
420,15470.493920211176,low,6.283975234219508
421,15635.301918737123,low,6.0676666723949415
422,15807.974381735643,low,5.7913113801392315
423,15973.370734493483,low,6.046082536439726
424,16126.888611547434,low,6.5138993528979405
425,16288.094188716119,low,6.203259326155978
426,16453.61017819195,low,6.0417123636627466
427,16615.680229942045,low,6.170171411692729
428,16795.57681518403,low,5.558749203909904
429,16966.730830919663,low,5.842690840188172
430,17152.17000396158,low,5.392603858160895
431,17332.417640820415,low,5.547922943273689
432,17515.437217218172,low,5.463896374815643
433,17700.139362370475,low,5.414122284153286
434,17902.205979576047,low,4.948862973158272
435,18098.29294254247,low,5.0997781028983304
436,18290.919700604565,low,5.191386752600799
437,18468.95382801211,low,5.616900616536673
438,18654.457825130507,low,5.390719421327351
439,18837.212460258346,low,5.47181744145906
440,19018.12998602011,low,5.52738047786934
441,19200.564662382483,low,5.4814140597574
442,19390.489191605902,low,5.265249328714369
443,19578.70712571464,low,5.312989990753318
444,19752.9329303103,low,5.739677898579885
445,19941.882141543938,low,5.292427491340467
446,20127.62899715151,low,5.383671216016163
447,20314.484371151786,low,5.351732618610833
448,20496.729911725382,low,5.487102712377037
449,20677.35131674012,low,5.5364423719237355
450,20855.159445080615,low,5.624039853144681
451,21021.864305313375,low,5.998625346638141
452,21199.13507856853,low,5.641087820836864
453,21378.468766204096,low,5.576197161752261
454,21558.99733157339,low,5.539289574225363
455,21737.724120383005,low,5.595132138054778
456,21913.66219251238,low,5.683818106547502
457,22100.779681650023,low,5.344235884142303
458,22290.763712198554,low,5.263600298997527
459,22498.39002920769,low,4.816345126210533
460,22702.695998366882,low,4.894619594892099
461,22912.886731044553,low,4.757583682499969
462,23111.067303933552,low,5.045903266008309
463,23302.871516206287,low,5.21364983673068
464,23493.320884781024,low,5.250739382774996
465,23679.135126847963,low,5.381718800864317
466,23855.400262906576,low,5.673271654057958
467,24021.902747724467,low,6.005916374723967
468,24179.289123288872,low,6.353790132175597
469,24344.30726615257,low,6.059939729330174
470,24513.140655790143,low,5.922999011905478
471,24678.37922092713,low,6.051855988769752
472,24844.18714181236,low,6.031074961082194
473,25009.81036686708,low,6.037800554056355
474,25170.257260978196,low,6.232591821362794
475,25314.895442419263,low,6.913803741423915
476,25470.249045190358,low,6.436928285940363
477,25626.792463849222,low,6.388004098589253
478,25785.19332425366,low,6.313097021359199
479,25948.025825960907,low,6.1412800854579155
480,26107.49709497104,low,6.270722031668646
481,26269.071591331547,low,6.189095572167467
482,26428.59325539357,low,6.268741025740485
483,26594.233026520178,low,6.037197426671443
484,26758.237013666,low,6.09741273613591
485,26928.949782676023,low,5.857792629099
486,27096.21529414182,low,5.9785187707657315
487,27255.12289644509,low,6.29296512882714
488,27420.79046715287,low,6.036184364433562
489,27578.263881495266,low,6.350278262371908
490,27747.146926318477,low,5.921257524974236
491,27922.508953084336,low,5.702488836623604
492,28108.042838656565,low,5.389851007085682
493,28298.867008092297,low,5.240426319983518
494,28480.594328433384,low,5.502749933928918
495,28674.801215597647,low,5.149147976169296
496,28865.26295793139,low,5.250398257135078
497,29052.2495408513,low,5.34797729539948
498,29238.03042822463,low,5.382685022870416
499,29413.091970046018,low,5.712276891861686
500,29591.335191352733,low,5.610311532011831
501,29777.137824678666,low,5.38205504464412
502,29951.13674418246,low,5.747162125211958
503,30117.529417956666,low,6.009879986404839
504,30293.809756302842,low,5.672782395256236
505,30460.990540094685,low,5.98154870026872
506,30628.575439623142,low,5.96712473984083
507,30799.477377782514,low,5.851308714050202
508,30956.71303432198,low,6.359880589483231
509,31117.02908077165,low,6.23767877355902
510,31278.441129967978,low,6.195324357623855
511,31447.786703306192,low,5.905084970853155
512,31616.489762584377,low,5.927574783045509
513,31778.642133005644,low,6.167039047298729
514,31947.986916489095,low,5.905112513239718
515,32128.551001447086,low,5.53819991518611
516,32306.786161027972,low,5.610565291110137
517,32488.481488322726,low,5.50371886216841
518,32671.96316368446,low,5.450135540938894
519,32850.346209289535,low,5.605913928692068
520,33039.12829282168,low,5.297112847203599
521,33218.175322324285,low,5.58512477296064
522,33399.583274666256,low,5.5124375039243265
523,33580.11312462336,low,5.539250158561556
524,33773.44261897106,low,5.1725165028443465
525,33950.98564046403,low,5.632437657030522
526,34123.08761514366,low,5.810508577031218
527,34292.64522865442,low,5.8977003703612985
528,34461.70626293464,low,5.915023554999121
529,34628.374184583954,low,5.999954820964891
530,34802.98855431976,low,5.726905531961751
531,34979.00714473349,low,5.681218089802308
532,35159.510482977734,low,5.540063744676488
533,35353.80076793508,low,5.146937739164615
534,35550.31459668136,low,5.088700405359709
535,35743.074791321545,low,5.187793060007268
536,35939.47447620199,low,5.091657863955999
537,36134.44176168768,low,5.129065614822815
538,36343.33998150101,low,4.787020209619734
539,36546.15182421474,low,4.93067853740426
540,36753.39715279052,low,4.825199230651637
541,36962.08048642304,low,4.79194951792831
542,37180.778662682045,low,4.572511838487783
543,37404.102768507946,low,4.477796950319283
544,37631.85109653181,low,4.390811597506903
545,37849.867487933974,low,4.586811081352877
546,38060.40042140072,low,4.749850693349806
547,38266.42570869014,low,4.853773112788927
548,38494.756892539954,low,4.379603272489331
549,38714.770891948865,low,4.545165319873261
550,38925.42468226419,low,4.747125596473372
551,39137.518083343406,low,4.714903881552122
552,39356.79440763944,low,4.560455868687143
553,39566.32561076372,low,4.772558860394983
554,39768.87504881809,low,4.93706627678514
555,39963.556209970804,low,5.136603840242976
556,40162.17450739587,low,5.034782862224941
557,40356.32290527938,low,5.150699212053093
558,40547.127346312955,low,5.240968158723585
559,40739.20909847484,low,5.206116607876373
560,40925.037048165694,low,5.381321817647083
561,41120.551836181505,low,5.114702627604471
562,41301.36565734975,low,5.53055067106574
563,41482.37069252529,low,5.5247081885328955
564,41658.33210205772,low,5.6830642733383305
565,41839.34966588075,low,5.524325810602823
566,42013.146796571,low,5.753834922523687
567,42191.000346658926,low,5.622603538167479
568,42360.17243614935,low,5.911140561142164
569,42522.04008461022,low,6.177886745798504
570,42687.96861425059,low,6.026691143273474
571,42856.92043533899,low,5.918847121966125
572,43028.68812563854,low,5.821816653970631
573,43198.19639851105,low,5.899417078906325
574,43370.806366145334,low,5.793408189026099
575,43548.77234650351,low,5.619051450099618
576,43731.06770008211,low,5.485603337491711
577,43916.76044857848,low,5.385239908921509
578,44104.967680318274,low,5.313292112933092
579,44289.23504354467,low,5.426896996248668
580,44484.43396086256,low,5.122979234415864
581,44680.835733156164,low,5.091603748387178
582,44885.7234832196,low,4.880721271478645
583,45089.45538337575,low,4.908411491933883
584,45284.71165537106,low,5.121474407869682
585,45481.96098862982,low,5.06972562836574
586,45673.4729869121,low,5.221604959319814
587,45869.86331964314,low,5.09190032978618
588,46052.91254389798,low,5.463011406198544
589,46228.36865018845,low,5.699431163395899
590,46410.52095880292,low,5.489911204565332
591,46588.265455932284,low,5.626053217682339
592,46758.339861103006,low,5.8797794941348736
593,46926.06428990451,low,5.962160712936166
594,47102.7828826026,low,5.65871414395217
595,47284.30228622156,low,5.509052917004878
596,47462.30656412824,low,5.617842513449386
597,47640.86525973784,low,5.600399334157261
598,47809.96134592354,low,5.913797430543696
599,47964.36092103107,low,6.476701761022195
600,48134.565920857545,low,5.875268065094983
601,48298.05524798747,low,6.11660722785479
602,48461.712060827085,low,6.110347517154651
603,48621.45005592704,low,6.260251353313088
604,48782.12220753747,low,6.223853916045312
605,48949.11570758246,low,5.988257026354798
606,49114.54995118593,low,6.044697749499169
607,49284.6703597069,low,5.878189505268818
608,49445.87873509,low,6.2031516515413925
609,49600.263386266975,low,6.4773278455879995
610,49759.48073649012,low,6.280722538080719
611,49920.48165880896,low,6.211144542511656
612,50089.21901116126,low,5.926370101577449
613,50263.65634130605,low,5.7327178716272895
614,50436.82817654188,low,5.774611088680658
615,50603.74186222005,low,5.991120476053258
616,50761.97774335062,low,6.319679157819173
617,50922.92842487241,low,6.213083352894136
618,51099.42727272698,low,5.665759364185568
619,51272.26537130186,low,5.785761404721525
620,51457.778792374105,low,5.390445576498535
621,51635.652292752144,low,5.621972907007947
622,51822.59650514204,low,5.349189403704871
623,52005.389724987486,low,5.470662428538244
624,52192.28833003676,low,5.3504947227206685
625,52392.03122586909,low,5.006435877646604
626,52597.197243032344,low,4.874101538971165
627,52791.427370929916,low,5.148531851491928
628,52986.522508700895,low,5.125704368777732
629,53181.761244867914,low,5.121934405191703
630,53378.08946411959,low,5.093511283357971
631,53562.823086429315,low,5.413199760265671
632,53760.75439394392,low,5.052257839130421
633,53962.83949407897,low,4.948410344610774
634,54157.16316519958,low,5.146053459330554
635,54354.43738737783,low,5.06908601112829
636,54560.00933763008,low,4.864476883995827
637,54753.70485704085,low,5.162742034725588
638,54943.06539029626,low,5.280931473989951
639,55121.2055003414,low,5.613558898928502
640,55307.859238200086,low,5.357513926440011
641,55491.448391007456,low,5.446944902290856
642,55685.54506409954,low,5.152071821064001
643,55898.272084143035,low,4.700860284676296
644,56096.89329658716,low,5.034708970379114
645,56290.21305356163,low,5.1727770386761005
646,56473.77245004001,low,5.447827892143896
647,56666.07892007553,low,5.200033050449483
648,56847.366046248586,low,5.516111491807826
649,57041.01233349526,low,5.164054597784096
650,57227.50646730548,low,5.362098954906593
651,57399.80740582109,low,5.803798914939727
652,57581.10145836707,low,5.51590074774455
653,57755.51123528793,low,5.73362352532426
654,57941.74265370475,low,5.369663231377063
655,58134.54218676855,low,5.186734553289005
656,58315.18860464504,low,5.535675778989022
657,58492.50079864143,low,5.639770043228741
658,58679.03421493417,low,5.36096973869086
659,58867.03782353642,low,5.319046838699999
660,59053.81551531109,low,5.353958443850913
661,59238.98289716873,low,5.400519194945616
662,59409.53841660045,low,5.863193424240586
663,59590.56926304995,low,5.523920478817307
664,59770.17356229553,low,5.567795449220499
665,59944.94098627513,low,5.721890139644955
666,60120.777035485444,low,5.687115949721466
667,177.31810329916817,mid,5.639582092262833
668,355.9788387836066,mid,5.597200735172733
669,530.9096482965754,mid,5.716545889109736
670,702.5818723535381,mid,5.8250541431104725
671,871.4528962723464,mid,5.921679023399486
672,1055.1032652192862,mid,5.445129273270992
673,1238.2540639497015,mid,5.4599816486300305
674,1410.4850780634324,mid,5.806155210464364
675,1579.1529082867278,mid,5.928812854686774
676,1752.8328161215015,mid,5.75771839395105
677,1936.3626032664702,mid,5.44870680425357
678,2119.904818590189,mid,5.448337856423229
679,2292.149413441832,mid,5.805697420353387
680,2477.1861949770023,mid,5.404330921146772
681,2673.6156915020138,mid,5.090885114968818
682,2849.0491888374377,mid,5.700165676387493
683,3042.6943109003446,mid,5.1640856704624
684,3237.957096616795,mid,5.121303561919599
685,3428.0755072097877,mid,5.259879865821142
686,3621.7183186724465,mid,5.1641472897786125
687,3827.89402711542,mid,4.850231909238672
688,4026.890677780002,mid,5.02521020660567
689,4207.137214294327,mid,5.547956811478173
690,4410.258027522884,mid,4.923178398634982
691,4597.336557948448,mid,5.345348810070354
692,4786.619804167667,mid,5.283087753270283
693,4962.501328489119,mid,5.685645515400111
694,5154.3476070137285,mid,5.212506636513797
695,5324.117118422266,mid,5.890339152791557
696,5506.8298187914925,mid,5.473073289263391
697,5697.356428225014,mid,5.248610695236886
698,5893.090615515354,mid,5.108969535897467
699,6079.122838609513,mid,5.375412836376524
700,6263.262792338033,mid,5.430651956578148
701,6440.293394822654,mid,5.64874087284923
702,6614.236164199689,mid,5.749017355429244
703,6788.808127830106,mid,5.72829668180326
704,6974.576121257151,mid,5.383058628949037
705,7156.754427478604,mid,5.489127771252924
706,7326.89663937293,mid,5.877436227413658
707,7502.734284397193,mid,5.687064336320098
708,7691.072407268004,mid,5.309599483934224
709,7865.261901212789,mid,5.740874362474373
710,8030.826398609785,mid,6.039942232314236
711,8191.383578086592,mid,6.228310706868488
712,8358.068802413436,mid,5.999331998612871
713,8518.16121144895,mid,6.246392355668538
714,8690.33915001332,mid,5.807945015128321
715,8844.090170391664,mid,6.504021876012543
716,8994.299796837637,mid,6.657362937785359
717,9147.01742709054,mid,6.5480324592777865
718,9307.18113052191,mid,6.243611870703901
719,9474.713814280845,mid,5.968984544167607
720,9635.438536080193,mid,6.2218182044727355
721,9792.537257849477,mid,6.365424166013313
722,9932.947284123562,mid,7.121998524862946
723,10081.993538146551,mid,6.7093266218267935
724,10233.969575584455,mid,6.579984692709149
725,10387.979766852148,mid,6.493076800754374
726,10536.445425458236,mid,6.735564368142655
727,10682.788217189507,mid,6.833271308888912
728,10833.25657605042,mid,6.645915510545038
729,10988.79054389853,mid,6.429463697451403
730,11147.13850211491,mid,6.315206152728005
731,11298.052024998708,mid,6.626311419222509
732,11457.999163967139,mid,6.252065566470492
733,11624.244162032432,mid,6.0152185728153444
734,11805.615454459401,mid,5.513551712725751
735,11974.725685046495,mid,5.91330279976757
736,12142.672416878111,mid,5.954268886890879
737,12315.504541774884,mid,5.785961380717077
738,12494.999694555654,mid,5.571181084880722
739,12658.261925668021,mid,6.125115363097911
740,12835.225644115586,mid,5.650875833603731
741,12991.798546379485,mid,6.386801199574945
742,13147.089533495404,mid,6.439523751971108
743,13305.430863301171,mid,6.31547051693117
744,13475.208037930546,mid,5.89007328095199
745,13643.159417742787,mid,5.954104105116245
746,13804.639750259243,mid,6.192704612483347
747,13970.57432832314,mid,6.026471466453013
748,14141.441594148831,mid,5.852496059837129
749,14306.649010891952,mid,6.052997012566895
750,14482.116653976724,mid,5.6990564323980735
751,14662.102845900925,mid,5.55598176342959
752,14827.772208959768,mid,6.0361190598941
753,14998.004707467933,mid,5.874318997626861
754,15153.545066117651,mid,6.429199525327278
755,15321.182924494,mid,5.965239652220969
756,15491.63040774568,mid,5.866909742066486
757,15671.689975117215,mid,5.553717664647075
758,15860.608660201573,mid,5.2932826604921015
759,16039.894220597962,mid,5.577694030623903
760,16217.019038870396,mid,5.645736208812421
761,16395.123914736538,mid,5.614669419559123
762,16573.558557768178,mid,5.604292882871854
763,16749.16836199781,mid,5.694442883680745
764,16925.93793998025,mid,5.657082012716828
765,17095.38076785186,mid,5.901695648975539
766,17262.864339571177,mid,5.970734859153156
767,17437.108295632133,mid,5.739079980772281
768,17599.48975199999,mid,6.158338657430266
769,17778.282655363546,mid,5.593063154003439
770,17948.450329207455,mid,5.876556794901462
771,18117.860161362376,mid,5.902845114004517
772,18298.11872178981,mid,5.547586742226082
773,18483.02779994645,mid,5.408063303159702
774,18661.20003586911,mid,5.612546729413336
775,18837.904147907255,mid,5.659177867825386
776,18997.512680301883,mid,6.265329208889189
777,19171.226111244996,mid,5.756607273086879
778,19347.327440044144,mid,5.6785488605855265
779,19527.529289557402,mid,5.549332610631321
780,19701.421757175518,mid,5.750680369871415
781,19892.66772451769,mid,5.228868424769575
782,20075.60413977891,mid,5.46638020960498
783,20268.42231286146,mid,5.186233143967517
784,20435.444921564387,mid,5.987213394437192
785,20610.822743511253,mid,5.701975249202088
786,20786.51131267479,mid,5.691889943444017
787,20948.34860173343,mid,6.179045668749818
788,21123.738644398793,mid,5.701577950510883
789,21313.222978395304,mid,5.277481145319426
790,21498.16439373696,mid,5.407117698070133
791,21690.863748202908,mid,5.189430980562549
792,21875.164397345197,mid,5.425916862766718
793,22068.706097059843,mid,5.166845188785574
794,22250.679237629443,mid,5.495316489399845
795,22424.97262041151,mid,5.737452472595474
796,22601.948319704985,mid,5.650493282367115
797,22770.55481666534,mid,5.930969553534697
798,22947.239754784485,mid,5.659792004034088
799,23134.222390227686,mid,5.3480901990161955
800,23312.729871593685,mid,5.602006102756383
801,23506.482781269195,mid,5.161212813137946
802,23689.139668014162,mid,5.474745671080207
803,23869.804011373228,mid,5.535126530266841
804,24043.17601163552,mid,5.767944065287952
805,24229.078725906205,mid,5.379157608984396
806,24390.01478166119,mid,6.2136479939737095
807,24561.702806641653,mid,5.824518047276684
808,24740.275594659604,mid,5.599957368081606
809,24909.509186106385,mid,5.908992366414883
810,25071.810383446875,mid,6.16138399707619
811,25240.818324726733,mid,5.916881730096395
812,25421.565370691063,mid,5.532593878172412
813,25584.914484821755,mid,6.121857503309913
814,25749.15339311856,mid,6.088691226520168
815,25915.025410730574,mid,6.028744416306927
816,26087.44386051395,mid,5.7998433535180025
817,26251.217785881985,mid,6.105978089935828
818,26414.07707987044,mid,6.1402697722052695
819,26571.062683359112,mid,6.37001086581902
820,26732.35634663897,mid,6.199871586181963
821,26907.081579635855,mid,5.723271807099767
822,27079.851940607918,mid,5.788029812368689
823,27252.75684853568,mid,5.783525823441609
824,27413.26364055439,mid,6.2302659434089875
825,27582.028670805204,mid,5.925398161655993
826,27757.020314907142,mid,5.714558572965181
827,27936.270902836048,mid,5.578782259819534
828,28126.12793249774,mid,5.267121274265724
829,28310.003524402593,mid,5.438459719642698
830,28503.633303600836,mid,5.164494863035366
831,28703.914393746887,mid,4.992982608946114
832,28892.216109844467,mid,5.310626056545289
833,29070.938109151008,mid,5.5952820798788
834,29239.490764998183,mid,5.932864095043903
835,29413.10071320687,mid,5.760038582569919
836,29570.745855109613,mid,6.3433607146418325
837,29744.540430381414,mid,5.7539195250259185
838,29926.84041742441,mid,5.485463911547883
839,30100.46623197009,mid,5.759512216640445
840,30271.736483517725,mid,5.838725586981919
841,30443.012966350627,mid,5.838513165731018
842,30621.474145337095,mid,5.60345956291045
843,30803.309492379693,mid,5.499480800978355
844,30983.92493401498,mid,5.536625168623604
845,31166.94474849974,mid,5.463889266936557
846,31343.772213999913,mid,5.655230069443143
847,31517.952321438606,mid,5.741183736219558
848,31704.015223595045,mid,5.37452650910077
849,31886.146874329934,mid,5.490533885599047
850,32051.260201139903,mid,6.056446316722276
851,32238.014679875767,mid,5.354623925321491
852,32422.453955419358,mid,5.421838689469674
853,32609.085978708154,mid,5.35813727129022
854,32807.020756977385,mid,5.05216924859864
855,32997.51738581629,mid,5.2494367280675736
856,33190.331690484956,mid,5.186337194838334
857,33383.33616844659,mid,5.181226936085754
858,33553.25743695852,mid,5.885078476387473
859,33728.162187457856,mid,5.717397595806277
860,33903.30836001896,mid,5.709516716108339
861,34094.863506617774,mid,5.220428778634412
862,34276.98697122287,mid,5.4907806754519
863,34458.5308516588,mid,5.508310153990137
864,34636.62824981,mid,5.614905160776284
865,34816.13244013193,mid,5.570900591270603
866,35005.46827632186,mid,5.281620321452839
867,35195.72844758203,mid,5.255960789778574
868,35383.025310145735,mid,5.339117731669729
869,35566.096044361955,mid,5.462369527719947
870,35748.5668170809,mid,5.480329726779164
871,35942.40035565115,mid,5.1590659045703005
872,36126.97652002644,mid,5.417817643922728
873,36308.900220610165,mid,5.496809908721954
874,36490.11186872074,mid,5.518409056076749
875,36663.59920103406,mid,5.764109613455698
876,36835.39968532446,mid,5.820705361398645
877,37012.20576216907,mid,5.655914196200853
878,37190.21035957253,mid,5.617832430099762
879,37376.79795561168,mid,5.359413065111689
880,37568.81128089521,mid,5.207971886968713
881,37763.669883833405,mid,5.131926355425838
882,37964.233593156096,mid,4.985946876316902
883,38181.343381143815,mid,4.605964610202477
884,38390.85996578316,mid,4.77289185350829
885,38593.040729937486,mid,4.946068950638085
886,38800.74034127806,mid,4.814645504368538
887,39009.40405367764,mid,4.792400118354436
888,39224.92788812885,mid,4.639858058141475
889,39432.50425093041,mid,4.817504201843884
890,39655.893518950135,mid,4.47649078608246
891,39867.57233618004,mid,4.7241382632721995
892,40086.14938224951,mid,4.575045815571021
893,40291.083876730416,mid,4.879608006123997
894,40509.15811528776,mid,4.5855943673834325
895,40717.322766948266,mid,4.803889575022106
896,40925.62888304269,mid,4.800627167119234
897,41125.46273211067,mid,5.004157226936291
898,41333.12362336856,mid,4.815543234657947
899,41525.97892264255,mid,5.185234752503836
900,41730.47126450302,mid,4.890158677346971
901,41913.919865004726,mid,5.451118172965946
902,42105.47766166295,mid,5.220356557891366
903,42295.88041376249,mid,5.252024925969714
904,42488.165021093766,mid,5.200624292703571
905,42690.37664699054,mid,4.945314076602559
906,42883.192869923696,mid,5.186285597694053
907,43089.58221984516,mid,4.845211249420274
908,43283.374792151146,mid,5.160156491555567
909,43473.96787712499,mid,5.246780071466067
910,43683.59180607026,mid,4.7704477491263875
911,43883.98796018763,mid,4.990115725545853
912,44084.19864551298,mid,4.994738409565715
913,44278.95816873109,mid,5.134537112622194
914,44480.767654295756,mid,4.955168470907097
915,44670.54751412312,mid,5.26926303407356
916,44874.108499503614,mid,4.912532714119149
917,45076.81722800446,mid,4.933186683156707
918,45279.720951099174,mid,4.928445790682737
919,45476.54504698083,mid,5.080678742714927
920,45671.73144205225,mid,5.123307900809722
921,45875.16024827998,mid,4.915724663303384
922,46088.99779462657,mid,4.676447224002362
923,46295.36951840267,mid,4.845625077420635
924,46515.1534812812,mid,4.549922509826985
925,46740.506497732385,mid,4.4374822034681936
926,46956.98155470451,mid,4.619469854805408
927,47156.51474898459,mid,5.011697445169468
928,47360.58397022495,mid,4.900298016143102
929,47563.13184935033,mid,4.937104275384684
930,47773.67331626844,mid,4.749658177260353
931,47985.19428780853,mid,4.727663610463591
932,48196.22135493791,mid,4.738728607676284
933,48413.30957448143,mid,4.60642222826621
934,48634.39219737726,mid,4.5231958391916285
935,48850.017002862725,mid,4.637685343059496
936,49056.76574844012,mid,4.836788717664336
937,49272.858521896764,mid,4.627642026171877
938,49491.91523379439,mid,4.565027893175647
939,49725.12549767531,mid,4.287975937931273
940,49963.47772190314,mid,4.195471652255945
941,50201.499283910576,mid,4.201300048475238
942,50433.780622078724,mid,4.305124156276824
943,50670.30259805472,mid,4.227936942745228
944,50902.804998875436,mid,4.301030855896822
945,51139.90237885255,mid,4.2176762986436875
946,51364.70926423836,mid,4.448262330950561
947,51584.63477552095,mid,4.54699408980823
948,51801.68661712455,mid,4.607194265719684
949,52019.672472671045,mid,4.587453610203167
950,52236.915267787066,mid,4.603144603557231
951,52440.83137519733,mid,4.903977487114647
952,52634.100981411204,mid,5.174119301994153
953,52841.77189642979,mid,4.815310800313594
954,53043.48711670677,mid,4.9574841136275145
955,53235.458794675134,mid,5.209101730958384
956,53427.20497282343,mid,5.215227806139743
957,53625.62207441622,mid,5.039888154662579
958,53827.419213778914,mid,4.955471634326194
959,54037.577473493686,mid,4.758318808678789
960,54253.90019439773,mid,4.622722919815666
961,54465.49859375479,mid,4.725933669812624
962,54668.44907687284,mid,4.927310271137992
963,54861.11171783184,mid,5.190419870829195
964,55050.44411757343,mid,5.281716184682753
965,55244.80035848345,mid,5.145191095062219
966,55442.878504949855,mid,5.048512508014676
967,55641.534247491945,mid,5.033833843429535
968,55842.02102403481,mid,4.987860133439765
969,56048.58861110597,mid,4.841030551688119
970,56254.443645398045,mid,4.8577874397823955
971,56468.528622928345,mid,4.671042366148599
972,56682.03279541692,mid,4.6837492136296115
973,56896.563008565034,mid,4.661348093238434
974,57117.17507135892,mid,4.532843704626783
975,57339.468690286616,mid,4.498554681073716
976,57557.66006120336,mid,4.583132668347285
977,57774.96767419451,mid,4.601771591134855
978,57986.35481873069,mid,4.730656645153008
979,58204.789932272426,mid,4.578018541917811
980,58420.5025859277,mid,4.6357966630834495
981,58634.939083037454,mid,4.663385260803713
982,58864.915937772486,mid,4.348263659628486
983,59091.477246803646,mid,4.413816305512544
984,59319.81695632682,mid,4.37943974829541
985,59531.34007394126,mid,4.727615644464729
986,59747.218239083784,mid,4.6322424472146
987,59958.461899490416,mid,4.73386987365708
988,60168.504457471725,mid,4.760939923846226
989,185.18152661151692,high,5.4001066861158895
990,373.356088312016,high,5.314214583327219
991,546.4728935261321,high,5.776446710434437
992,712.1317131132993,high,6.036503232922139
993,882.1830804837527,high,5.880576060417792
994,1046.7824067792392,high,6.07535900970101
995,1213.4954808322684,high,5.998329799148885
996,1379.7196681746298,high,6.015971658446817
997,1562.600123043629,high,5.468052891252477
998,1735.6224133276328,high,5.779602144663393
999,1912.0200592754713,high,5.6690098931122
1000,2079.995522235595,high,5.9532504472834376
1001,2259.9271626901077,high,5.557666219648591
1002,2431.150374012739,high,5.840329662522952
1003,2620.903360390309,high,5.270009284650747
1004,2805.2443793127973,high,5.424728613551171
1005,2982.3112309423864,high,5.64758446200832
1006,3156.8261414217254,high,5.730169400730895
1007,3321.2632849521337,high,6.0813510775628155
1008,3483.501032683188,high,6.163793654592186
1009,3640.9570742186456,high,6.350978916072962
1010,3800.266893135833,high,6.277076998749344
1011,3956.3415840681982,high,6.407188725001856
1012,4109.6006413862715,high,6.524899849309421
1013,4267.011384385025,high,6.352806555318268
1014,4414.6701612658235,high,6.772370875097228
1015,4583.798919913204,high,5.912654997278819
1016,4738.843809357349,high,6.449744996982021
1017,4890.6605166881955,high,6.586890320449041
1018,5055.524700556631,high,6.065598825261034
1019,5219.036999947582,high,6.115747890065674
1020,5380.842542023067,high,6.180258025608829
1021,5548.625519854099,high,5.960080175755732
1022,5711.5498006223925,high,6.137820558632236
1023,5891.245902018744,high,5.564951004664933
1024,6050.695280964648,high,6.271582909954566
1025,6216.663525478205,high,6.02524900429562
1026,6392.42180408733,high,5.689632419670733
1027,6576.483615370789,high,5.432957510452719
1028,6759.405884294927,high,5.466802953415822
1029,6946.075568231008,high,5.357056265989163
1030,7127.133504626446,high,5.523093988081038
1031,7314.159093949737,high,5.346861911347354
1032,7513.056056727484,high,5.027728860381987
1033,7708.598136846941,high,5.1139887608288666
1034,7903.935833114404,high,5.119339580163609
1035,8084.671077498595,high,5.532955143349287
1036,8267.173932238738,high,5.479366344290062
1037,8457.921868958352,high,5.242520664692329
1038,8632.562004656607,high,5.726060598852314
1039,8814.114957723175,high,5.508034890698477
1040,8988.76971867308,high,5.725581109620161
1041,9167.154962979175,high,5.605844832569664
1042,9347.561974553942,high,5.543021810909847
1043,9531.576667511445,high,5.434348659489643
1044,9709.697883713989,high,5.614154345672593
1045,9902.764211818772,high,5.17956709394331
1046,10092.08272551528,high,5.282103585511337
1047,10271.759906388977,high,5.565537009972016
1048,10454.136618971992,high,5.483156187195876
1049,10625.021989341418,high,5.851876013951141
1050,10797.336046960592,high,5.803357043625926
1051,10982.012903483961,high,5.414863664161737
1052,11166.393993504611,high,5.423549670348538
1053,11348.015610431825,high,5.5059525232657585
1054,11531.424987092774,high,5.452283946466925
1055,11712.496734147771,high,5.5226727320208
1056,11893.735817529645,high,5.5175737006624805
1057,12080.71758843224,high,5.348114926780376
1058,12246.646130854853,high,6.026690679009545
1059,12416.877306650553,high,5.87436464164552
1060,12586.279961346612,high,5.903095212965758
1061,12753.786929436925,high,5.969900902634947
1062,12932.560264868749,high,5.593675352000985
1063,13117.931669006726,high,5.394575310308768
1064,13307.11487310683,high,5.285881507064786
1065,13492.615637027202,high,5.39081337923362
1066,13683.824241888378,high,5.229890154399863
1067,13849.286304345886,high,6.043681464787812
1068,14017.95945711252,high,5.928625768817744
1069,14183.616922146042,high,6.036552592408922
1070,14353.331899545661,high,5.892231877952368
1071,14529.849994507751,high,5.665141583443704
1072,14715.055460549453,high,5.399408674983902
1073,14910.208369683714,high,5.1241870000104255
1074,15092.116399533466,high,5.497283439471891
1075,15274.760338177375,high,5.475133789956463
1076,15452.31494687277,high,5.632070084508813
1077,15648.556946532863,high,5.095749134905276
1078,15831.431664051397,high,5.468224441132216
1079,16006.48142876418,high,5.712661206033453
1080,16193.484025606376,high,5.347519322653364
1081,16361.98740462345,high,5.934599091325456
1082,16541.124781782502,high,5.582307924002512
1083,16731.50428340795,high,5.25266633992664
1084,16907.255624599657,high,5.689857006036838
1085,17088.155427220336,high,5.5279220071724255
1086,17267.20843893881,high,5.584938172234143
1087,17438.447209083304,high,5.839799007877649
1088,17605.471235234825,high,5.987162583979501
1089,17764.955381154567,high,6.2702157272939125
1090,17924.127276278068,high,6.282516139071531
1091,18094.586770674985,high,5.866496340013122
1092,18252.17475147132,high,6.345661610401527
1093,18413.41842441169,high,6.201793730968956
1094,18578.416379549682,high,6.060681171252577
1095,18735.550817261515,high,6.363977334070385
1096,18904.04104827821,high,5.935062193017691
1097,19078.19579277945,high,5.7420198505868365
1098,19235.567047362336,high,6.354400634668073
1099,19400.587833817608,high,6.059842650616888
1100,19564.7772720812,high,6.09052574011851
1101,19731.810861777973,high,5.986819787656854
1102,19903.394001843677,high,5.828078444170388
1103,20084.151308230237,high,5.5322798286307755
1104,20255.74049208153,high,5.8278731651677855
1105,20431.983019794316,high,5.67399941987704
1106,20599.847795964328,high,5.957175905606352
1107,20769.843447023504,high,5.882503427407648
1108,20935.25702997929,high,6.045452750197046
1109,21103.702403691626,high,5.936642710697143
1110,21282.30160231169,high,5.599129266684501
1111,21468.66339696411,high,5.3659066863198905
1112,21667.31517713697,high,5.033934249820669
1113,21852.306089966933,high,5.405670931086046
1114,22054.40939622298,high,4.9479645757654165
1115,22235.708090201635,high,5.515759535023143
1116,22419.264429954146,high,5.4479186136981115
1117,22599.846920730437,high,5.537635435756726
1118,22774.382754949744,high,5.729482455410767
1119,22959.378753754198,high,5.40552231649631
1120,23155.538815192434,high,5.09787768553927
1121,23346.636576972982,high,5.232923665261859
1122,23527.315077410116,high,5.5346928249935505
1123,23717.95933008609,high,5.2453718691411755
1124,23887.298025436125,high,5.905324816238461
1125,24060.582905004,high,5.770843956458967
1126,24238.774949287406,high,5.611922821927737
1127,24426.625857747767,high,5.323370582533076
1128,24593.889247095205,high,5.9785946219397195
1129,24765.391979855187,high,5.830810879261617
1130,24943.29599591222,high,5.621008576216835
1131,25131.193759316582,high,5.322043125377533
1132,25302.878944149143,high,5.824614400917998
1133,25473.43111702802,high,5.863308471069322
1134,25648.96657925156,high,5.696854569058703
1135,25803.33403446081,high,6.478049396127259
1136,25978.06011413771,high,5.723244073518949
1137,26167.60600070377,high,5.275767351730272
1138,26341.53445582171,high,5.7494904978136026
1139,26533.978625133426,high,5.196312278914676
1140,26712.096531612824,high,5.614258665877966
1141,26879.68645817979,high,5.966945749572982
1142,27054.073811067177,high,5.7343607976305275
1143,27214.65503556365,high,6.2273780956376115
1144,27386.14969173125,high,5.83108548305264
1145,27556.59529895504,high,5.866974316839043
1146,27740.56153840809,high,5.435779972309604
1147,27919.406202622467,high,5.591444421295743
1148,28104.27014206583,high,5.409383804170044
1149,28275.561086238147,high,5.838020245798931
1150,28431.909954310126,high,6.395952924581646
1151,28596.188654995603,high,6.087216394014247
1152,28763.541738771313,high,5.975390339028478
1153,28938.529076410287,high,5.7146992090545385
1154,29116.41625195205,high,5.621540715087817
1155,29290.225866694866,high,5.753421647471537
1156,29450.101253235036,high,6.254871507370767
1157,29635.008999604062,high,5.408102254430528
1158,29818.953782154706,high,5.436414048464152
1159,30004.53481517911,high,5.388481698280502
1160,30190.137584674507,high,5.387850637782689
1161,30383.927532604637,high,5.160226372322174
1162,30565.39622460379,high,5.510592427726646
1163,30762.02944401448,high,5.085610676553106
1164,30950.74634816364,high,5.298942373543821
1165,31143.660682185273,high,5.183647991070821
1166,31331.579858432524,high,5.3214366940618625
1167,31515.368660834447,high,5.4410278914224905
1168,31684.15971362034,high,5.924484642372973
1169,31870.44778392755,high,5.368030268126666
1170,32062.50251962926,high,5.206848955566261
1171,32261.111131296,high,5.035028398859044
1172,32459.211633295217,high,5.047942786151761
1173,32663.158668390704,high,4.903233820152397
1174,32849.21150041264,high,5.374817406069399
1175,33040.31480990102,high,5.232771754069453
1176,33242.82538002671,high,4.9380138497429416
1177,33442.93221745132,high,4.997330490402409
1178,33634.84214635523,high,5.210777814944195
1179,33826.28409718593,high,5.2235155129834725
1180,34018.185357835006,high,5.211013187811666
1181,34204.88766402383,high,5.356120234469044
1182,34395.67994464747,high,5.241302199079139
1183,34602.542977918725,high,4.834116488511095
1184,34807.9361404442,high,4.868711244834933
1185,35009.60325963927,high,4.958666558987889
1186,35201.950191317344,high,5.198939183878769
1187,35388.50108655891,high,5.360467440829561
1188,35583.62700559139,high,5.124895785031591
1189,35769.733994079106,high,5.373253353492496
1190,35952.50439020162,high,5.471345585582098
1191,36125.05726077535,high,5.795325204820091
1192,36289.20934530712,high,6.091911673570303
1193,36459.7937564757,high,5.86220038014933
1194,36645.97725013683,high,5.371045415122051
1195,36827.37898632182,high,5.51262640055558
1196,37009.6823714885,high,5.485361662843929
1197,37193.3236938212,high,5.445397513465605
1198,37392.1916663887,high,5.02846178341042
1199,37578.16785312517,high,5.3770324983436515
1200,37762.83688441562,high,5.415093115570446
1201,37952.28302099452,high,5.278545226936025
1202,38133.903259686405,high,5.505994305494005
1203,38313.40380363196,high,5.571013758617393
1204,38487.45255359992,high,5.745516702556585
1205,38679.22997072596,high,5.2143782880483025
1206,38881.436306664946,high,4.945443451889349
1207,39064.98034132341,high,5.448283851124755
1208,39267.73170622703,high,4.932149287751355
1209,39467.23455333542,high,5.0124597944044345
1210,39680.92098979513,high,4.679754206994474
1211,39889.99543839262,high,4.782985231854809
1212,40078.23811549156,high,5.312291640829343
1213,40260.07874981869,high,5.499320895465986
1214,40461.09117993713,high,4.974816728551463
1215,40656.27120451596,high,5.123475120765445
1216,40846.85255574661,high,5.2471031060626965
1217,41022.05296068331,high,5.707749364856368
1218,41207.23481030465,high,5.40009726679354
1219,41378.81497548242,high,5.828179492448618
1220,41553.79058276739,high,5.715082322139739
1221,41740.29027263946,high,5.3619392111909
1222,41924.14125674031,high,5.439187638242193
1223,42112.81945718346,high,5.300029349714401
1224,42293.708679409734,high,5.528245340947442
1225,42480.24686076875,high,5.3608327942009195
1226,42659.36700165826,high,5.582845095107569
1227,42845.042458969045,high,5.385741413988841
1228,43043.81126857583,high,5.030970412200204
1229,43242.58133211288,high,5.030938674593759
1230,43439.69882039173,high,5.0731165901696915
1231,43642.17467251558,high,4.93886055799039
1232,43842.44659634032,high,4.9932111346527215
1233,44046.99558839006,high,4.888804339631362
1234,44260.16869672817,high,4.691023214869682
1235,44442.92089288,high,5.471890467292717
1236,44630.70299454585,high,5.325321162820199
1237,44828.274818573314,high,5.061450461989888
1238,45024.10304529166,high,5.10651613793282
1239,45216.18484973527,high,5.206115190851288
1240,45400.58684585215,high,5.422934789524509
1241,45587.1026172013,high,5.361476902283191
1242,45769.25562445757,high,5.489890148193495
1243,45976.47583743077,high,4.825784056738305
1244,46179.48852680673,high,4.925800466334898
1245,46379.21583133151,high,5.006826694924622
1246,46572.50332153289,high,5.173640564933286
1247,46768.878651129424,high,5.092289352509577
1248,46948.54564189388,high,5.565852668568464
1249,47133.26104274171,high,5.413733751544613
1250,47344.429067000856,high,4.735565450822208
1251,47550.06212631752,high,4.863031281658135
1252,47757.59078338377,high,4.818611627601706
1253,47958.122783539795,high,4.986735280264224
1254,48158.50043755612,high,4.990576443811126
1255,48355.47819608797,high,5.0767152974699865
1256,48553.9093630601,high,5.039530912704154
1257,48755.5096548527,high,4.9603102808440385
1258,48951.25323185565,high,5.108724461415867
1259,49128.71972740821,high,5.634866439923806
1260,49311.196245055595,high,5.480157188950565
1261,49489.79967912584,high,5.598996487417432
1262,49657.03112163234,high,5.97973673498119
1263,49836.10757436591,high,5.584207106714346
1264,50012.73857814269,high,5.6615202236168285
1265,50177.62270703597,high,6.064865106861049
1266,50360.545316900774,high,5.4667927641043
1267,50545.917653764365,high,5.394548166784263
1268,50711.32072143086,high,6.045837082153384
1269,50897.59427953073,high,5.368448480829738
1270,51079.059632407116,high,5.510693827494364
1271,51259.41963687963,high,5.544466484820794
1272,51440.56149318909,high,5.520535233400935
1273,51631.22982662396,high,5.2447093966003715
1274,51831.97819380399,high,4.981360566201816
1275,52032.092384057374,high,4.997146872662032
1276,52231.3106237955,high,5.01962069996457
1277,52428.15205191276,high,5.080231379973005
1278,52605.723714941785,high,5.631529169361543
1279,52773.902319959605,high,5.9460595471941415
1280,52955.050823112375,high,5.52033266958137
1281,53151.12098794863,high,5.100215021674258
1282,53339.12125533037,high,5.319141371056949
1283,53524.34569637915,high,5.398855541621868
1284,53695.476253414054,high,5.8434917604809895
1285,53879.19812799271,high,5.443009997004225
1286,54048.235724885875,high,5.915843684361156
1287,54227.82200875516,high,5.56835398814683
1288,54393.07631036451,high,6.051279695967891
1289,54557.60342514395,high,6.078025505647279
1290,54725.10532606093,high,5.970081500720453
1291,54891.137356093095,high,6.022934248327213
1292,55062.31315250699,high,5.84194740699229
1293,55239.1034684155,high,5.6564184234927275
1294,55410.31178844715,high,5.840837640455483
1295,55583.58442031958,high,5.771251865881705
1296,55765.55273648837,high,5.495462182946406
1297,55934.84958348343,high,5.9067845488531265
1298,56105.37154710597,high,5.864347200537589
1299,56267.21399759982,high,6.178848608313596
1300,56432.486067291546,high,6.0506291345250505
1301,56605.06132026837,high,5.794573571532354
1302,56774.52734417186,high,5.900887841503129
1303,56945.136250798954,high,5.861358704945776
1304,57108.94707421287,high,6.104602731122452
1305,57277.71604052875,high,5.925259968283024
1306,57448.13846977593,high,5.867772243462276
1307,57611.109337239584,high,6.136066007153116
1308,57767.59948176966,high,6.3901787745348635
1309,57927.98893300289,high,6.234824000649987
1310,58107.663515952205,high,5.565617482368609
1311,58281.152022137416,high,5.76407061187345
1312,58453.99621369205,high,5.785557449200735
1313,58643.168756830346,high,5.286179396916757
1314,58829.531947898075,high,5.365866479698651
1315,59002.95221971406,high,5.76633855735783
1316,59184.19613407548,high,5.5174266320793866
1317,59371.787445846945,high,5.330737284988194
1318,59572.14049716988,high,4.991189270125832
1319,59776.86068210293,high,4.8847161813917905
1320,59970.477591378185,high,5.164838152531195
1321,60147.20995429334,high,5.658273241557122
